characters	audience	age_group	framework	style	narrator	tone	pacing	humor	emotion	sensitivity	reading_age	consolidator	user_suggestions	stem_concept
Tala the lynx, Professor Pebble the tortoise, Wisp the moth	weekend mystery	9-10	seven_point	default	adventurer	whimsical_playful	fast_exciting	none	heartwarming	standard	9	false	When the town clock starts chiming at the wrong times, Tala, Professor Pebble, and Wisp sneak inside to discover a tiny hidden room full of old notes and gears. They only have until noon to fix the mechanism and uncover why the clockmaker hid a message there. Keep it adventurous but gentle.	
Nemo the narwhal, Patch the polar bear	independent reader	9-10	seven_point	default	adventurer	whimsical_playful	fast_exciting	none	heartwarming	standard	9	false	Nemo discovers a line of bubbles under the harbour ice that should not be there, and Patch insists they lead somewhere important. Together they investigate one hidden inlet and uncover a helpful secret route used long ago. Keep it adventurous, tidy, and wonder-filled.	
Biscuit the bunny, Tumble the teddy	quiet time story	3-4	story_circle	gentle	silly	calm_bedtime	moderate_balanced	none	default	extra_gentle	3	false	They visit the washing line to rescue a tiny sock and use it as a sleeping bag for a doll. Keep the story warm, simple, and reassuring, with a happy ending and no scary moments.	
Tilly the duckling, Reed the frog	bedtime story	5-6	story_circle	gentle	grandfather	calm_bedtime	slow_soothing	none	heartwarming	gentle	5	false	A duckling and a frog float across a pond delivering goodnight wishes to lilies, fish, and sleeping reeds.	
Marble the pony, Wisp the cloud cat, Acorn the squirrel	bedtime story	5-6	story_circle	gentle	grandfather	calm_bedtime	slow_soothing	none	heartwarming	gentle	5	false	A pony searching for a missing yawn gets help from a cloud cat and squirrel who know where yawns hide.	
Teddy Marmalade, Pip the puppy	bedtime story	5-6	story_circle	gentle	grandfather	calm_bedtime	slow_soothing	none	heartwarming	gentle	5	false	A teddy bear and a puppy search the house for the perfect sleepy spot when everyone else is already tucked in.	
Nib the hedgehog, Lumi the firefly	bedtime story	7-8	story_circle	gentle	grandfather	calm_bedtime	slow_soothing	none	heartwarming	gentle	7	false	A cosy bedtime story where a sleepy hedgehog follows a firefly to return a lost moonbeam to the pond before the ducks fall asleep. Keep the conflict mild, the imagery cosy, and the ending sleepy and reassuring.	
Sage the raccoon, Clover the duckling	bedtime story	7-8	story_circle	gentle	grandfather	calm_bedtime	slow_soothing	none	heartwarming	gentle	7	false	A cosy story about returning borrowed treasures to their owners before moonrise, learning that bedtime feels best when everything is in its place. Keep the conflict mild, the imagery cosy, and the ending sleepy and reassuring.	
Caspar the camel, Luma the desert fox	bedtime story	7-8	story_circle	gentle	grandfather	calm_bedtime	slow_soothing	none	heartwarming	gentle	7	false	A soothing desert story where a camel and a fox follow cool night breezes to deliver a forgotten waterskin and end up sharing moon dates on a dune. Keep the conflict mild, the imagery cosy, and the ending sleepy and reassuring.	
Freya the frog, Dandelion the duck	bedtime story	7-8	story_circle	gentle	grandfather	calm_bedtime	slow_soothing	none	heartwarming	gentle	7	false	A sweet pondside tale about mending a reed boat before the moon reflects in the water, so one tiny letter can reach a grandmother across the lilies. Keep the conflict mild, the imagery cosy, and the ending sleepy and reassuring.	
Ida the iguana, Peach the parrotlet	bedtime story	7-8	story_circle	gentle	grandfather	calm_bedtime	slow_soothing	none	heartwarming	gentle	7	false	A tropical bedtime story where two friends fan a nest of eggs through a warm evening and tell each other the calmest stories they know. Keep the conflict mild, the imagery cosy, and the ending sleepy and reassuring.	
Noor the rookie journalist, Felix Storm the entrepreneur who claims he can monetize weather	adult media satire	18+	seven_point	classic	silly	none	moderate_balanced	witty_dry	laughs_and_fun	adventurous	18	false	A news-and-tech satire about hype cycles, manufactured thought leadership, and a startup selling subscription sunshine. Keep it brisk and ridiculous while giving the reporter integrity.	
Nora the otter, Ripple the rain mermaid	magical story	5-6	story_circle	gentle	grandfather	calm_bedtime	slow_soothing	none	heartwarming	gentle	5	false	An otter and a rain mermaid must paddle through puddles on the path to return a silver raindrop necklace to the cloud that dropped it.	
Rufus the rat, Glow the jam-jar genie	story time	7-8	but_therefore	ghibli	silly	whimsical_playful	moderate_balanced	none	empowering	standard	8	false	A funny magical adventure in which a curious rat opens a jam jar and releases a polite genie who can only grant wishes involving household objects. Keep the magic vivid, the conflict age-appropriate, and the ending warm and satisfying.	
Val Harper, celebrity divorce mediator for clones; Copydex, a legal assistant printer that jams under pressure	adult science-fiction farce	18+	save_the_cat	default	default	epic_grand	moderate_balanced	witty_dry	bittersweet_reflective	adventurous	18	false	A legal satire in which a famous actor's eleven clones all claim to be the original and demand separate settlements. Keep it sharply satirical, genuinely funny, and rooted in speculative science-fiction logic. Balance comedy with a believable human core.	
Etta the apprentice baker, Skiff the gull	rainy-day read	9-10	pixar_spine	default	silly	calm_bedtime	fast_exciting	none	heartwarming	standard	9	false	A pigeon keeps stealing blue buttons from the market, and they chase it to an old loft where the final clue depends on knowing that carrier pigeons once carried messages across long distances.	
Rory the badger cub, Kite the moorland fox	library story pick	9-10	snowflake	dahl	grandfather	whimsical_playful	default	witty_dry	empowering	standard	10	false	The standing stones throw one bright line across the field, and they race to line up a mirror before sunset, with the clue that Stonehenge aligns with the solstice sun.	
Anya the apprentice gardener, Thrum the tunnel rat	independent reader	9-10	snowflake	ghibli	grandfather	none	moderate_balanced	none	wonder_curiosity	standard	10	false	A humming noise under the greenhouse floor becomes their only clue to a missing seed tin, and they stumble across earthworms quietly improving soil by mixing it as they burrow.	
Cuddles the teddy bear, Tansy the kitten	bedtime story	7-8	story_circle	gentle	grandfather	calm_bedtime	slow_soothing	none	heartwarming	gentle	7	false	A soft story about a teddy bear and a kitten trying to help a sleepy baby owl settle back into its nest before dawn.	
Dawnmist the unicorn, Pipit the chick	bedtime story	7-8	pixar_spine	gentle	owl	calm_bedtime	slow_soothing	none	wonder_curiosity	gentle	7	false	A dreamy magical tale about a unicorn and a chick searching for the very first bird to wake up each morning.	
Buttonnose the teddy bear, Sunny the rabbit	bedtime story	7-8	story_circle	gentle	grandfather	calm_bedtime	slow_soothing	none	heartwarming	gentle	7	false	A soothing tale about a teddy bear and a rabbit gathering moonlit daisies for a friend who cannot sleep.	
Pudding the teddy bear, Clover the puppy	bedtime story	7-8	story_circle	gentle	grandfather	calm_bedtime	slow_soothing	none	heartwarming	gentle	7	false	A warm bedtime tale about a teddy bear and a puppy listening to house creaks and turning each one into a friendly story before sleep.	
Kit the ferry keeper's son, Pearl the water nixie	after-school adventure	9-10	seven_point	classic	silly	whimsical_playful	moderate_balanced	none	laughs_and_fun	standard	9	false	The river starts carrying upside-down reflections that do not match the people on shore, and the pair discover a sleepy bridge spirit needs a forgotten bedtime song.	
